,Zone,State,City,Name,Type,Establishment Year,time needed to visit in hrs,Google review rating,Airport with 50km Radius,Weekly Off,Significance,DSLR Allowed,Number of google review in lakhs,Best Time to visit,Image URL
0,Northern,Delhi,Delhi,India Gate,War Memorial,1921,0.5,4.6,Yes,None,Historical,Yes,2.6,Evening,https://upload.wikimedia.org/wikipedia/commons/thumb/1/17/India_Gate_from_Rajpath.jpg/1920px-India_Gate_from_Rajpath.jpg
1,Northern,Delhi,Delhi,Humayun's Tomb,Tomb,1572,2,4.5,Yes,None,Historical,Yes,0.4,Afternoon,https://upload.wikimedia.org/wikipedia/commons/thumb/1/17/India_Gate_from_Rajpath.jpg/1920px-India_Gate_from_Rajpath.jpg
2,Northern,Delhi,Delhi,Akshardham Temple,Temple,2005,5,4.6,Yes,None,Religious,No,0.4,Afternoon,https://upload.wikimedia.org/wikipedia/commons/e/e9/Swaminarayan_Akshardham%2C_Delhi.jpg
3,Northern,Delhi,Delhi,Waste to Wonder Park,Theme Park,2019,2,4.1,Yes,Monday,Environmental,Yes,0.27,Evening,https://delhitourism.travel/images/places-to-visit/headers/waste-to-wonder-seven-wonders-park-delhi-timings-entry-fee-delhi-tourism-header-cr-ashish-malik.jpg
4,Northern,Delhi,Delhi,Jantar Mantar,Observatory,1724,2,4.2,Yes,None,Scientific,Yes,0.31,Morning,http://4.bp.blogspot.com/-v6-P76LYsxk/UgEXCAkdpYI/AAAAAAAAAnY/ITnntawnx9w/s1600/Jantar-Mantar-Delhi.jpg
5,Northern,Delhi,Delhi,Chandni Chowk,Market,1700,3,4.2,Yes,Sunday,Market,Yes,0.25,Afternoon,https://im.indiatimes.in/content/2020/Jul/9C73C93F-28D4-4C9F-9887-2C799623873F_5f1ebc18a0a51.jpg
6,Northern,Delhi,Delhi,Lotus Temple,Temple,1986,1,4.5,Yes,Monday,Religious,Yes,0.59,Evening,https://upload.wikimedia.org/wikipedia/commons/thumb/f/fc/LotusDelhi.jpg/500px-LotusDelhi.jpg
7,Northern,Delhi,Delhi,Red Fort,Fort,1648,2,4.5,Yes,None,Historical,Yes,1.5,Afternoon,https://upload.wikimedia.org/wikipedia/commons/thumb/2/2a/Delhi_fort.jpg/375px-Delhi_fort.jpg
8,Northern,Delhi,Delhi,Agrasen ki Baoli,Stepwell,1400,1,4.2,Yes,None,Historical,Yes,0.41,Afternoon,https://upload.wikimedia.org/wikipedia/commons/thumb/c/cc/Agrasen_ki_Baoli%2C_New_Delhi%2C_India_-_20070127.jpg/1280px-Agrasen_ki_Baoli%2C_New_Delhi%2C_India_-_20070127.jpg
9,Northern,Delhi,Delhi,Sunder Nursery,Park,1600,2,4.6,Yes,None,Botanical,Yes,0.16,,https://assets.telegraphindia.com/telegraph/2023/Jan/1674204262_sunder-nursery-1.jpg
10,Northern,Delhi,Delhi,Garden of Five Senses,Park,2003,2,4.1,Yes,None,Botanical,Yes,0.23,Morning,https://www.meusings.com/wp-content/uploads/2011/01/P1000214.jpg
11,Northern,Delhi,Delhi,Lodhi Garden,Park,1500,1,4.5,Yes,None,Botanical,Yes,0.48,All,https://delhitourism.travel/images/places-to-visit/headers/lodi-gardens-delhi-entry-fee-timings-holidays-reviews-header.jpg
12,Northern,Delhi,Delhi,National Gallery of Modern Art,Museum,1954,3,4.5,Yes,Monday,Artistic,Yes,0.08,All,https://images.squarespace-cdn.com/content/v1/56c462e37da24f9466fa8ed8/1597663151764-6QET2VEN801GLCQ0UNZT/ngma+delhi.jpg
13,Northern,Delhi,Delhi,National Zoological Park ,Zoo,1959,3,4.1,Yes,Friday,Environmental,Yes,0.41,All,http://2.bp.blogspot.com/--R50PpSBwiM/U5AAEQ6eHUI/AAAAAAAAFmw/NVG3bTWAnnM/s1600/National+Zoological+Park+Delhi+Zoo+Sahil+Ahuja+Pixelated+Memories+Animals+Plants+Birds+Reptiles+Facilities+Timings+Azimbagh+Serai+Mughal+Kos+Minar+(1).jpg
14,Northern,Delhi,Delhi,Qutub Minar,Monument,1192,1,4.5,Yes,None,Historical,Yes,1.37,Afternoon,https://upload.wikimedia.org/wikipedia/commons/thumb/f/fc/KITLV_377921_-_Clifton_and_Co._-_The_Qutab_Minar_in_Mehrauli_in_Delhi_-_Around_1890.tif/lossy-page1-330px-KITLV_377921_-_Clifton_and_Co._-_The_Qutab_Minar_in_Mehrauli_in_Delhi_-_Around_1890.tif.jpg
15,Northern,Delhi,Delhi,National Science Centre,Science,1992,5,4.4,Yes,None,Scientific,Yes,0.23,All,http://2.bp.blogspot.com/-tuqjvwXkAnw/UsgmiVh3arI/AAAAAAAAGBw/gtbmIT_h7Nw/s1600/Pusat-Sains-Negara.jpg
16,Western,Maharashtra,Mumbai,Marine Drive,Beach,Unknown,2,4.5,Yes,None,Scenic,Yes,1.5,Evening,https://www.hindustantimes.com/rf/image_size_960x540/HT/p2/2018/06/18/Pictures/marine-drive_4aef92f2-7261-11e8-823f-c9ca3542d80c.jpg
17,Western,Maharashtra,Mumbai,Gateway of India,Monument,1924,1,4.6,Yes,None,Historical,Yes,3.6,All,https://wallpapercave.com/wp/wp4646412.jpg
18,Western,Maharashtra,Mumbai,Chhatrapati Shivaji Maharaj Vastu Sangrahalaya,Museum,1922,1,4.6,Yes,None,Historical,Yes,0.34,All,https://www.trodly.com/pictures/upload/image/best-museums-india/Prince_of_Wales%20Museum_Mumbai.jpg
19,Western,Maharashtra,Mumbai,Sanjay Gandhi National Park,National Park,1996,3,4.3,Yes,Monday,Wildlife,Yes,0.6,All,https://th.bing.com/th/id/OLC.fwgcdYhw3OOrbw480x360?&rs=1&pid=ImgDetMain
20,Western,Maharashtra,Mumbai,Siddhivinayak Temple,Temple,1881,2,4.8,Yes,None,Religious,No,1.05,All,https://blogs.revv.co.in/blogs/wp-content/uploads/2020/01/siddhivinayak-temple-mumbai.jpg
21,Western,Maharashtra,Mumbai,Mahalaxmi Temple,Temple,1831,1,4.7,Yes,None,Religious,No,0.33,All,https://www.holidify.com/images/cmsuploads/compressed/ISKCONTempleMumbai_20191112104701.jpg
22,Western,Maharashtra,Mumbai,Haji Ali Dargah,Religious Shrine,1431,2,4.4,Yes,None,Religious,No,0.16,All,https://www.visittnt.com/blog/wp-content/uploads/2018/05/haji-ali-dargah-768x444.jpg
23,Western,Maharashtra,Mumbai,Chowpatty Beach,Beach,Unknown,2,4.3,Yes,None,Recreational,Yes,0.05,Evening,https://www.mumbaimetrotimes.com/wp-content/uploads/2023/02/IMG_20230205_190002-scaled.jpg
24,Western,Maharashtra,Mumbai,Essel World,Amusement Park,1986,5,4.3,Yes,None,Recreational,Yes,0.27,All,https://i.ytimg.com/vi/YYBQxVOtofg/maxresdefault.jpg
25,Western,Maharashtra,Mumbai,Elephanta Caves,Monument,1987,4,4.3,Yes,None,Historical,Yes,0.35,All ,https://www.tripsavvy.com/thmb/fdxJA_nFNkK77yxMVUudyMPSqIY=/1500x0/filters:no_upscale():max_bytes(150000):strip_icc()/Mumbai2019-1-34-b97e159b015d4c989fa265b4b3ac7463.JPG
26,Western,Maharashtra,Lonavala,Imagicaa,Amusement Park,2013,5,1.4,No,Monday,Recreational,Yes,0.95,All,https://i.ytimg.com/vi/lHnio5PKEdM/maxresdefault.jpg
27,Southern,Karnataka,Bangalore,Bangalore Palace,Palace,1878,2,4.2,Yes,Monday,Historical,Yes,0.9,Morning,"https://fthmb.tqn.com/eEymkEZ9Ys9LxYw6yPGgbxCvNT4=/2125x1411/filters:fill(auto,1)/GettyImages-534909771-580f5f4c5f9b58564cc08bf2.jpg"
28,Southern,Karnataka,Bangalore,Lalbagh Botanical Garden,Botanical Garden,1760,1.5,4.4,Yes,None,Nature,Yes,1.5,Evening,https://media-cdn.tripadvisor.com/media/photo-o/0c/7d/47/f4/lalbagh-botanical-garden.jpg
29,Southern,Karnataka,Bangalore,Cubbon Park,Park,1870,1,4.4,Yes,None,Nature,Yes,1.32,Morning,https://tse4.mm.bing.net/th/id/OIP.5qVNPTjinHjfGeUmgWbxNgHaFj?rs=1&pid=ImgDetMain
30,Southern,Karnataka,Bangalore,Vidhana Soudha,Government Building,1956,0.5,4.6,Yes,None,Architectural,No,0.8,Morning,https://www.holidify.com/images/cmsuploads/compressed/attr_wiki_2838_20190305154327.jpg
31,Southern,Karnataka,Bangalore,ISKCON Temple Bangalore,Temple,1997,1,4.6,Yes,None,Religious,Yes,1.14,Evening,https://www.astroved.com/astropedia/assets/images/temples/Iskcon-bengalore.jpg
32,Southern,Telangana,Hyderabad,Charminar,Landmark,1591,1,4.5,Yes,Friday,Historical,Yes,2.1,Morning,https://w0.peakpx.com/wallpaper/327/605/HD-wallpaper-charminar-hyderabad-place-india.jpg
33,Southern,Telangana,Hyderabad,Golconda Fort,Fort,1600,2,4.4,Yes,None,Historical,Yes,1.2,Morning,https://assets-news.housing.com/news/wp-content/uploads/2020/11/02184143/Everything-you-need-to-know-about-Golconda-Fort-FB-1200x700-compressed.jpg
34,Southern,Telangana,Hyderabad,Hussain Sagar Lake,Lake,1563,1,4.3,Yes,None,Scenic,Yes,0.5,Evening,https://www.holidify.com/images/cmsuploads/compressed/Hussain_Sagar_Lake2C_Hyderabad_20230309151019.jpg
35,Southern,Telangana,Hyderabad,Ramoji Film City,Film Studio,1996,4,4.4,Yes,None,Entertainment,Yes,0.45,All,https://th.bing.com/th/id/OLC.2DkhWHVRvq6LFA480x360?&rs=1&pid=ImgDetMain
36,Southern,Telangana,Hyderabad,Salar Jung Museum,Museum,1951,2,4.4,Yes,None,Historical,Yes,0.67,All,https://th.bing.com/th/id/R.14c7c7f848b270c4d4687749c07352ad?rik=cRgprHaB7f8KmQ&riu=http%3a%2f%2fimages.trvl-media.com%2fmedia%2fcontent%2fshared%2fimages%2ftravelguides%2fdestination%2f6053329%2fSalar-Jung-Museum-71509.jpg&ehk=wL90hn5qHloFrD58GmtIuXRyDcgsKvXnEwXEUPUH%2bP4%3d&risl=&pid=ImgRaw&r=0
37,Southern,Telangana,Hyderabad,Qutb Shahi Tombs,Tombs,1600,1,4.4,Yes,None,Historical,Yes,0.2,Morning,https://tse1.mm.bing.net/th/id/OIP.3RObOBLbjJO3yYIz_Ic7vAHaFj?rs=1&pid=ImgDetMain
38,Southern,Telangana,Hyderabad,Birla Mandir,Temple,1976,1,4.7,Yes,None,Religious,No,0.41,All,https://tse3.mm.bing.net/th/id/OIP.vRQ1WQJ66ymBY4-RiPYfHwHaFj?rs=1&pid=ImgDetMain
39,Southern,Telangana,Hyderabad,Chowmahalla Palace,Palace,1800,1.5,4.4,Yes,None,Historical,Yes,0.45,Morning,https://www.hyderabadtourism.travel/images/v2/header-places/chowmahalla-palace-hyderabad-tourism-entryfee-timings-reviews-header.jpg
40,Southern,Telangana,Hyderabad,Nehru Zoological Park,Zoo,1963,3,4.2,Yes,None,Wildlife,Yes,0.86,Morning,https://tse3.mm.bing.net/th/id/OIP.l7r7QCNQdwmvzGBmTv3-qwHaEK?rs=1&pid=ImgDetMain
41,Southern,Telangana,Hyderabad,Lumbini Park,Park,1994,1,4.1,Yes,None,Recreational,Yes,0.73,Evening,https://images.trvl-media.com/media/content/shared/images/travelguides/destination/6053329/Lumbini-Park-68404.jpg
42,Eastern,West Bengal,Kolkata,Victoria Memorial,Museum,1921,1.5,4.6,Yes,Monday,Historical,Yes,0.73,Morning,https://th.bing.com/th/id/OIP.uTR-QwaHfxLwyMEe9lIOKgHaEW?rs=1&pid=ImgDetMain
43,Eastern,West Bengal,Kolkata,Howrah Bridge,Bridge,1943,0.5,4.6,Yes,None,Architectural,No,1.2,Anytime,https://www.adotrip.com/public/images/areas/master_images/5e40f7e5931ca-Howrah_bridge_Attractions.jpg
44,Eastern,West Bengal,Kolkata,Indian Museum,Museum,1814,2,4.6,Yes,Monday,Historical,Yes,0.18,Morning,https://th.bing.com/th/id/OLC.KgGgNJdaFvPWYQ480x360?&rs=1&pid=ImgDetMain
45,Eastern,West Bengal,Kolkata,Dakshineswar Kali Temple,Temple,1855,1,4.7,Yes,None,Religious,Yes,0.82,Morning,https://thumbs.dreamstime.com/b/landscape-dakshineswar-kali-temple-kolkatta-landscape-dakshineswar-kali-temple-kolkata-kali-temple-217633869.jpg
46,Eastern,West Bengal,Kolkata,Kalighat Kali Temple,Temple,1809,1,4.4,Yes,None,Religious,Yes,0.5,Morning,https://kolkatatourism.travel/images/places-to-visit/headers/kalighat-kali-temple-kolkata-tourism-entry-fee-timings-holidays-reviews-header.jpg
47,Eastern,West Bengal,Kolkata,Eden Gardens,Cricket Ground,1864,3,4.1,Yes,None,Sports,Yes,0.1,All,https://static9.depositphotos.com/1033142/1187/i/950/depositphotos_11870625-stock-photo-eden-gardens-kolkata-india.jpg
48,Eastern,West Bengal,Kolkata,Alipore Zoological Gardens,Zoo,1876,2,4.3,Yes,None,Wildlife,Yes,0.66,Afternoon,https://2.bp.blogspot.com/-Bq-A-mnHGcQ/WbVyAUHfoEI/AAAAAAAABXM/nhq6HG-m_7MBFN5c00Nwwdx1u8cp3AmewCLcBGAs/s1600/20170910_095905.jpg
49,Eastern,West Bengal,Kolkata,Science City Kolkata,Science,1997,3,4.4,Yes,None,Educational,Yes,0.88,All,https://tse3.mm.bing.net/th/id/OIP.kTbq1JTZnop7Kh7neCgulgHaE6?rs=1&pid=ImgDetMain
50,Eastern,West Bengal,Kolkata,Belur Math,Site,1898,1.5,4.7,Yes,None,Religious,Yes,0.47,Morning,https://img.freepik.com/free-photo/belur-math-kolkata_78361-2664.jpg?w=740
51,Eastern,West Bengal,Kolkata,Marble Palace,Palace,1835,1,4.4,Yes,None,Historical,Yes,0.1,Afternoon,https://tse3.mm.bing.net/th/id/OIP.b2uvYOSj9PpORfmxWGy8FQHaFj?rs=1&pid=ImgDetMain
52,Southern,Goa,Goa,Calangute Beach,Beach,Unknown,2,4.4,Yes,None,Scenic,Yes,0.26,Evening,https://hikerwolf.com/wp-content/uploads/2020/05/goa-beaches-1202x800.jpg
53,Southern,Goa,Goa,Basilica of Bom Jesus,Church,1605,1,4.5,Yes,None,Historical,Yes,0.59,Afternoon,https://static.toiimg.com/photo/92691407/Basilica-of-Bom-Jesus.jpg?width=748&resize=4
54,Southern,Goa,Goa,Fort Aguada,Fort,1612,1.5,4.2,Yes,None,Historical,Yes,0.95,Morning,https://th.bing.com/th/id/OIP.JYhzx6mvPhWtiXXLxRyy1AHaDt?rs=1&pid=ImgDetMain
55,Southern,Goa,Goa,Dudhsagar Falls,Waterfall,Unknown,3,4.6,Yes,None,Nature,Yes,0.3,Afternoon,https://tse4.mm.bing.net/th/id/OIP.Zy1zAgvq4FCO5Yf32j4tvQHaE8?rs=1&pid=ImgDetMain
56,Southern,Goa,Goa,Anjuna Beach,Beach,Unknown,2,4.4,Yes,None,Scenic,Yes,0.18,Evening,https://tse4.mm.bing.net/th/id/OIP.va2_3pWCoWC3B3MAo6rsDAHaE8?rs=1&pid=ImgDetMain
57,Southern,Goa,Goa,Chapora Fort,Fort,1617,1,4.2,Yes,None,Historical,Yes,0.19,Evening,https://th.bing.com/th/id/OIP.A9DCPbzfkkSSgM2QEgWbqAHaE9?rs=1&pid=ImgDetMain
58,Southern,Goa,Goa,Se Cathedral,Church,1640,1,4.5,Yes,None,Historical,Yes,0.05,Afternoon,https://images.freeimages.com/images/large-previews/f32/churches-of-goa-se-cathedral-1637777.jpg
59,Southern,Goa,Goa,Baga Beach,Beach,Unknown,2,4.5,Yes,None,Scenic,Yes,0.35,Evening,https://tse4.mm.bing.net/th/id/OIP.I51tmZOcz4GJ4ht8NKCWGwHaE7?rs=1&pid=ImgDetMain
60,Southern,Goa,Goa,Arambol Beach,Beach,Unknown,2,4.6,Yes,None,Scenic,Yes,0.1,Evening,https://tse3.mm.bing.net/th/id/OIP.Iz7W4sm-yHEY7JJ7j6nILQHaEK?rs=1&pid=ImgDetMain
61,Southern,Goa,Goa,Palolem Beach,Beach,Unknown,2,4.6,Yes,None,Scenic,Yes,0.27,Evening,https://tse2.mm.bing.net/th/id/OIP.gbnveQtvbVaEc-sUye8bFgHaEK?rs=1&pid=ImgDetMain
62,Southern,Goa,Goa,Colva Beach,Beach,Unknown,2,4.3,Yes,None,Scenic,Yes,0.1,Evening,
63,Southern,Goa,Goa,Miramar Beach,Beach,Unknown,1.5,4.2,Yes,None,Scenic,Yes,0.3,Evening,
64,Southern,Goa,Goa,Aguada Beach,Beach,Unknown,2,4.5,Yes,None,Scenic,Yes,0.01,Evening,
65,Southern,Goa,Goa,Dr. Salim Ali Bird Santuary,Bird Sanctuary,1988,2,3.9,Yes,None,Wildlife,Yes,0.03,Afternoon,
66,Western,Gujarat,Ahmedabad,Sabarmati Ashram,Historical,1915,1.5,4.6,Yes,None,Historical,Yes,0.35,Morning,
67,Western,Gujarat,Dwarka,Dwarkadhish Temple,Temple,-400,2,4.7,No,None,Religious,No,0.59,Evening,
68,Western,Gujarat,Junagadh,Gir National Park,National Park,1965,3,4.5,No,None,Wildlife,Yes,0.08,Morning,
69,Western,Gujarat,Bhuj,White Desert,Site,1950,2.5,4.6,Yes,None,Nature,Yes,0.12,Evening,
70,Western,Gujarat,Vadodara,Laxmi Vilas Palace,Palace,1890,2,4.4,Yes,Monday,Historical,Yes,0.17,Afternoon,
71,Western,Gujarat,Somnath,Somnath Temple,Temple,1951,2,4.8,No,None,Religious,No,0.39,Morning,
72,Western,Gujarat,Rann of Kutch,Rann Utsav,Cultural,Unknown,3,4.9,Yes,None,Cultural,Yes,0.1,Evening,
73,Western,Gujarat,Kevadia,Statue of Unity,Monument,2018,3,4.6,No,Monday,Historical,Yes,0.67,All,
74,Western,Gujarat,Gandhinagar,Dandi Kutir,Museum,2013,1.5,4.5,No,None,Historical,Yes,0.05,All,
75,Western,Gujarat,Ahmedabad,Sabarmati Riverfront,Urban Development Project,2012,1,4.6,Yes,None,Recreational,Yes,0.1,Evening,
76,Western,Gujarat,Ahmedabad,Manek Chowk,Market,Unknown,2,4.4,Yes,None,Food,Yes,0.49,Night,
77,Western,Gujarat,Ahmedabad,Kankaria Lake,Lake,1451,3,4.5,Yes,None,Recreational,Yes,0.3,Afternoon,
78,Western,Gujarat,Ahmedabad,Science City,Science,2002,7,4.4,Yes,Monday,Educational,Yes,0.11,All,
79,Northern,Rajasthan,Jaipur,Hawa Mahal,Palace,1799,1,4.4,Yes,None,Architectural,Yes,1.3,Morning,
80,Northern,Rajasthan,Udaipur,City Palace,Palace,1559,2,4.4,Yes,None,Historical,Yes,0.51,All,
81,Northern,Rajasthan,Jaisalmer,Jaisalmer Fort,Fort,1156,2.5,4.4,No,None,Historical,Yes,0.56,All,
82,Northern,Rajasthan,Sawai Madhopur,Ranthambore National Park,Wildlife Sanctuary,1980,3,4.6,No,None,Wildlife,Yes,0.09,All,
83,Northern,Rajasthan,Pushkar,Pushkar Lake,Temple,1400,1.5,4.4,No,None,Religious,Yes,1.6,All,
84,Northern,Rajasthan,Ajmer,Ajmer Sharif Dargah,Shrine,1236,1,4.6,Yes,None,Religious,No,0.35,All,
85,Northern,Rajasthan,Jodhpur,Mehrangarh Fort,Fort,1459,2,4.6,Yes,None,Historical,Yes,0.64,All,
86,Northern,Rajasthan,Chittorgarh,Chittorgarh Fort,Fort,700,2,4.6,No,None,Historical,Yes,1.9,All,
87,Northern,Rajasthan,Mount Abu,Dilwara Temples,Temple,1100,1,4.6,No,None,Religious,No,0.05,All,
88,Northern,Rajasthan,Bikaner,Junagarh Fort,Fort,1589,2,4.5,Yes,None,Historical,Yes,0.32,All,
89,Northern,Rajasthan,Jaipur,Amber Fort,Fort,1592,2,4.6,Yes,None,Historical,Yes,1.5,All,
90,Northern,Rajasthan,Jaipur,Jaigarh Fort,Fort,1726,1.5,4.5,Yes,None,Historical,Yes,0.3,All,
91,Northern,Rajasthan,Udaipur,Lake Pichola,Lake,1362,1,4.6,Yes,None,Nature,Yes,0.5,All,
92,Northern,Punjab,Amritsar,Golden Temple (Harmandir Sahib),Religious Site,1604,1.5,4.9,Yes,None,Spiritual,Yes,1.9,All,
93,Northern,Punjab,Amritsar,Jallianwala Bagh,Memorial,1951,1,4.8,Yes,None,Historical,Yes,0.3,Afternoon,
94,Northern,Punjab,Amritsar,Wagah Border,Border Crossing,1950,2,4.8,Yes,None,Cultural,Yes,0.17,Evening,
95,Northern,Punjab,Chandigarh,Rock Garden,Sculpture Garden,1976,2,4.5,Yes,None,Artistic,Yes,0.5,All,
96,Southern,Kerala,Alappuzha,Alappuzha Beach,Beach,Unknown,1.5,4.5,Yes,None,Recreational,Yes,0.11,All,
97,Southern,Kerala,Munnar,Munnar Tea Gardens,Scenic Area,Unknown,2,4.3,No,None,Nature,Yes,0.3,All,
98,Southern,Kerala,Kochi,Fort Kochi,Site,1503,1,4.4,Yes,None,Historical,Yes,0.1,All,
99,Southern,Kerala,Thiruvananthapuram,Padmanabhaswamy Temple,Temple,Unknown,1,4.7,Yes,None,Religious,No,0.46,All,
100,Southern,Kerala,Kozhikode,Kozhikode Beach,Beach,Unknown,1.5,3.9,Yes,None,Recreational,Yes,0.059,All,
101,Southern,Kerala,Wayanad,Wayanad Wildlife Sanctuary,Wildlife Sanctuary,Unknown,3,4.5,No,None,Wildlife,Yes,2.2,All,
102,Southern,Kerala,Thekkady,Periyar National Park,National Park,1982,3,4.3,No,None,Wildlife,Yes,0.14,All,
103,Southern,Kerala,Kumarakom,Kumarakom Bird Sanctuary,Bird Sanctuary,1972,2,3.8,Yes,None,Wildlife,Yes,0.1,All,
104,Southern,Kerala,Varkala,Varkala Beach,Beach,Unknown,2,4.6,Yes,None,Recreational,Yes,0.1,All,
105,Southern,Kerala,Bekal,Bekal Fort,Fort,1650,1.5,4.5,No,None,Historical,Yes,0.22,All,
106,Southern,Kerala,Kovalam,Kovalam Beach,Beach,Unknown,2,4.4,Yes,None,Recreational,Yes,0.68,All,
107,Southern,Kerala,Kannur,St. Angelo Fort,Fort,1505,1,4.4,Yes,None,Historical,Yes,0.11,All,
108,Southern,Kerala,Nelliyampathy,Seethargundu Viewpoint,Viewpoint,Unknown,1,4.5,No,None,Nature,Yes,0.03,Morning,
109,Southern,Kerala,Kochi,Kerala Folklore Museum,Cultural,2009,1.5,4.4,Yes,Monday,Cultural,Yes,0.1,All,
110,Southern,Kerala,Kochi,Wonderla Amusement Park,Amusement Park,2016,5.5,4.6,Yes,None,Entertainment,Yes,0.41,All,
111,Southern,Karnataka,Mysore,Mysore Palace,Palace,1912,2,4.6,Yes,None,Historical,Yes,2.5,All,
112,Southern,Karnataka,Hampi,Hampi Archaeological Ruins,Site,Unknown,3,4.7,No,None,Historical,Yes,0.05,All,
113,Southern,Karnataka,Coorg,Abbey Falls,Waterfall,Unknown,1,4.1,No,None,Nature,Yes,0.03,Morning,
114,Southern,Karnataka,Gokarna,Om Beach,Beach,Unknown,2,4.5,No,None,Nature,Yes,0.09,All,
115,Southern,Karnataka,Chikmagalur,Mullayanagiri,Mountain Peak,Unknown,3,4.5,No,None,Nature,Yes,0.05,All,
116,Southern,Karnataka,Badami,Badami Cave Temples,Cave,600,1.5,4.6,No,None,Religious,No,0.2,All,
117,Southern,Karnataka,Shivamogga,Jog Falls,Waterfall,1900,1.5,4.6,No,None,Nature,Yes,0.23,Morning,
118,Southern,Karnataka,Mangalore,Panambur Beach,Beach,Unknown,1.5,4.5,Yes,None,Recreational,Yes,0.1,All,
119,Southern,Karnataka,Murudeshwar,Murudeshwar Temple,Temple,Unknown,1,4.7,Yes,None,Religious,No,0.49,All,
120,Southern,Karnataka,Bijapur,Gol Gumbaz,Mausoleum,1656,1.5,4.5,No,None,Historical,Yes,0.25,All,
121,Southern,Karnataka,Bandipur,Bandipur National Park,National Park,1974,3,4.4,No,None,Wildlife,Yes,0.15,Morning,
122,Southern,Karnataka,Halebidu,Halebidu Hoysaleswara Temple,Temple,1121,1,4.7,No,None,Religious,No,0.11,All,
123,Western,Maharashtra,Pune,Shaniwar Wada,Fort,1732,2,4.4,Yes,None,Historical,Yes,1.2,All,
124,Western,Maharashtra,Aurangabad,Ajanta Caves,Cave,200,3,4.6,Yes,Monday,Historical,Yes,0.21,Afternoon,
125,Western,Maharashtra,Nashik,Sula Vineyards,Vineyard,1999,2,4.1,Yes,None,Recreational,Yes,0.1,Afternoon,
126,Western,Maharashtra,Shirdi,Sai Baba Temple,Temple,1922,1.5,4.7,Yes,None,Religious,No,0.69,All,
127,Western,Maharashtra,Alibaug,Alibaug Beach,Beach,Unknown,1.5,4.2,Yes,None,Recreational,Yes,0.05,Evening,
128,Western,Maharashtra,Ratnagiri,Ganapatipule Temple,Temple,1600,1,4.7,No,None,Religious,No,0.1,All,
129,Western,Maharashtra,Nagpur,Deekshabhoomi,Monument,2001,1,4.5,Yes,None,Religious,Yes,0.11,Afternoon,
130,Western,Maharashtra,Kolhapur,Mahalakshmi Temple,Temple,700,1,4.8,Yes,None,Religious,No,0.9,All,
131,Western,Maharashtra,Lonavala,Karla Caves,Cave,200,1.5,4.4,Yes,Yes,Historical,Yes,0.27,Afternoon,
132,Western,Maharashtra,Tarkarli,Tarkarli Beach,Beach,Unknown,2,4.6,No,None,Recreational,Yes,0.065,Evening,
133,Western,Maharashtra,Satara,Kaas Plateau,Valley,Unknown,2,4.4,No,None,Nature,Yes,0.05,Afternoon,
134,Western,Maharashtra,Matheran,Echo Point,Viewpoint,1828,1.5,4.4,Yes,None,Nature,Yes,0.02,Morning,
135,Western,Maharashtra,Ajanta,Ellora Caves,Cave,600,3,4.7,Yes,Tuesday,Historical,Yes,0.49,Afternoon,
136,Central,Madhya Pradesh,Khajuraho,Khajuraho Group of Monuments,Temples,-850,2,4.7,No,None,Cultural,Yes,0.09,Afternoon,
137,Central,Madhya Pradesh,Bhopal,Sanchi Stupa,Monument,-300,1.5,4.7,Yes,None,Historical,Yes,0.01,Afternoon,
138,Central,Madhya Pradesh,Indore,Rajwada Palace,Palace,1747,1,4.4,Yes,None,Historical,Yes,0.63,Afternoon,
139,Central,Madhya Pradesh,Gwalior,Gwalior Fort,Fort,900,2.5,4.5,Yes,None,Historical,Yes,0.4,Morning,
140,Central,Madhya Pradesh,Ujjain,Mahakaleshwar Jyotirlinga,Temple,-3500,1.5,4.8,Yes,None,Religious,No,1.2,All,
141,Central,Madhya Pradesh,Jabalpur,Dhuandhar Falls,Waterfall,Unknown,1,4.5,No,None,Nature,Yes,0.01,Morning,
142,Central,Madhya Pradesh,Pachmarhi,Bee Falls,Waterfall,Unknown,1.5,4.6,No,None,Nature,Yes,0.065,Morning,
143,Central,Madhya Pradesh,Kanha,Kanha National Park,Wildlife Sanctuary,1955,3,4.5,No,None,Wildlife,Yes,0.1,Morning,
144,Central,Madhya Pradesh,Bandhavgarh,Bandhavgarh National Park,National Park,1968,3,4.5,No,None,Wildlife,Yes,0.05,Morning,
145,Central,Madhya Pradesh,Orchha,Orchha Fort,Fort,1500,1.5,4.8,No,None,Historical,Yes,0.1,Afternoon,
146,Central,Madhya Pradesh,Mandu,Jahaz Mahal,Site,1500,1,3.9,No,None,Historical,Yes,0.03,Afternoon,
147,Central,Madhya Pradesh,Bhimbetka,Bhimbetka Rock Shelters,Prehistoric Site,1958,2,4.6,No,None,Archaeological,Yes,0.07,Afternoon,
148,Central,Madhya Pradesh,Amarkantak,Narmada Udgam Temple,Temple,1200,1,4.4,No,None,Religious,Yes,0.01,All,
149,Central,Madhya Pradesh,Chitrakoot,Chitrakoot Falls,Waterfall,Unknown,1.5,4.4,No,None,Nature,Yes,0.1,Morning,
150,Northern,Himachal Pradesh,Shimla,The Ridge,Scenic Point,Unknown,1,4.7,Yes,None,Recreational,Yes,0.03,Morning,
151,Northern,Himachal Pradesh,Manali,Solang Valley,Valley,Unknown,2,4.1,No,None,Adventure,Yes,0.05,Morning,
152,Northern,Himachal Pradesh,dalhousie,Dalai Lama Temple,Temple,1959,1.5,4.7,Yes,None,Religious,No,0.15,All,
153,Northern,Himachal Pradesh,Dalhousie,Khajjiar Lake,Lake,Unknown,1.5,4.5,No,None,Nature,Yes,0.1,Morning,
154,Northern,Himachal Pradesh,Spiti Valley,Key Monastery,Monastery,1100,1,4.8,No,None,Religious,Yes,0.025,Morning,
155,Northern,Himachal Pradesh,Kullu,Great Himalayan National Park,National Park,1984,3,4.5,No,None,Wildlife,Yes,0.2,All,
156,Northern,Himachal Pradesh,Chamba,Chamera Lake,Lake,Unknown,2,4.4,No,None,Recreational,Yes,0.01,Morning,
157,Northern,Himachal Pradesh,Kinnaur,Sangla Valley,Valley,Unknown,2,4.5,No,None,Nature,Yes,0.01,Morning,
158,Northern,Himachal Pradesh,Kangra,Kangra Fort,Fort,400,2,4.4,Yes,None,Historical,Yes,0.1,All,
159,Northern,Himachal Pradesh,Palampur,Tea Gardens,Tea Plantation,1950,1.5,4.6,Yes,None,Agricultural,Yes,0.015,Morning,
160,Northern,Himachal Pradesh,Mandi,Prashar Lake,Lake,1400,1.5,4.6,No,None,Nature,Yes,0.01,Morning,
161,Northern,Himachal Pradesh,Bir Billing,Paragliding Site,Adventure Sport,2005,2,4.8,No,None,Adventure,Yes,0.01,All,
162,Northern,Himachal Pradesh,McLeod Ganj,Triund Trek,Trekking,Unknown,5,4.8,Yes,None,Adventure,Yes,0.01,Morning,
163,Northern,Himachal Pradesh,Manikaran,Manikaran Sahib,Gurudwara,1980,1,4.6,No,None,Religious,Yes,1.3,Morning,
164,Northern,Himachal Pradesh,Narkanda,Hatu Peak,Viewpoint,Unknown,2,4.5,Yes,None,Nature,Yes,1.1,All,
165,Northern,Himachal Pradesh,Barot,Barot Valley,Valley,Unknown,2,4.7,No,None,Nature,Yes,1.2,Morning,
166,Northern,Himachal Pradesh,Shoja,Serolsar Lake,Lake,Unknown,2.5,4.4,No,None,Nature,Yes,0.9,Morning,
167,Northern,Himachal Pradesh,Kufri,Kufri Fun World,Ski Resort,1975,5,3.8,Yes,None,Recreational,Yes,0.1,All,
168,Northern,Uttarakhand,Nainital,Naini Lake,Lake,Unknown,1.5,4.2,Yes,None,Nature,Yes,0.01,Morning,
169,Northern,Uttarakhand,Rishikesh,Laxman Jhula,Suspension Bridge,1939,1,4.4,Yes,None,Cultural,Yes,0.03,Morning,
170,Northern,Uttarakhand,Haridwar,Har Ki Pauri,Ghat,Unknown,1,4.5,Yes,None,Religious,Yes,0.025,All,
171,Northern,Uttarakhand,Dehradun,Robber's Cave,Cave,Unknown,1.5,4.5,Yes,None,Nature,Yes,0.01,Morning,
172,Northern,Uttarakhand,Mussoorie,Kempty Falls,Waterfall,Unknown,1.5,4.2,Yes,None,Nature,Yes,0.55,Morning,
173,Northern,Uttarakhand,Auli,Auli Ski Resort,Ski Resort,1990,3,4.5,No,None,Adventure,Yes,0.01,Morning,
174,Northern,Uttarakhand,Badrinath,Badrinath Temple,Temple,-820,1,4.8,No,None,Religious,No,0.29,All,
175,Northern,Uttarakhand,Almora,Binsar Wildlife Sanctuary,Wildlife Sanctuary,1988,2,4.3,No,None,Wildlife,Yes,0.01,All,
176,Northern,Uttarakhand,Ranikhet,Chaubatia Gardens,Orchard,1868,1,4,No,None,Recreational,Yes,0.025,All,
177,Northern,Uttarakhand,Jim Corbett,Jim Corbett National Park,National Park,1936,3,4.4,Yes,None,Wildlife,Yes,0.3,All,
178,Northern,Uttarakhand,Uttarkashi,Gangotri Temple,Temple,1751,1,4.8,No,None,Religious,No,0.05,All,
179,Northern,Uttarakhand,Chopta,Tungnath Temple,Temple,751,2,4.8,No,None,Religious,No,0.09,All,
180,Northern,Uttarakhand,Joshimath,Valley of Flowers,National Park,1982,5,4.7,No,None,Nature,Yes,0.035,Morning,
181,Central,Uttar Pradesh,Agra,Taj Mahal,Mausoleum,1632,2,4.6,Yes,Friday,Historical,Yes,2.25,Morning,
182,Central,Uttar Pradesh,Varanasi,Kashi Vishwanath Temple,Temple,Unknown,1,4.7,Yes,None,Religious,No,0.9,All,
183,Central,Uttar Pradesh,Lucknow,Bara Imambara,Monument,1784,1.5,4.4,Yes,Monday,Historical,No,0.45,All,
184,Central,Uttar Pradesh,Mathura,Krishna Janmabhoomi,Temple,Unknown,1,4.7,Yes,None,Religious,No,0.13,All,
185,Central,Uttar Pradesh,Ayodhya,Ram Janmabhoomi,Religious Site,Unknown,1,4.8,Yes,None,Religious,No,0.025,All,
186,Central,Uttar Pradesh,Vrindavan,Banke Bihari Temple,Temple,1864,1,4.8,Yes,None,Religious,No,0.37,All,
187,Central,Uttar Pradesh,Allahabad,Triveni Sangam,Confluence,Unknown,1,4.5,Yes,None,Religious,Yes,0.09,Morning,
188,Central,Uttar Pradesh,Jhansi,Jhansi Fort,Fort,1613,1.5,4.4,Yes,None,Historical,Yes,0.25,All,
189,Central,Uttar Pradesh,Sarnath,Dhamek Stupa,Monument,-500,1,4.6,Yes,None,Historical,Yes,0.065,All,
190,Central,Uttar Pradesh,Fatehpur Sikri,Buland Darwaza,Monument,1571,2,4.4,Yes,None,Historical,Yes,0.07,Afternoon,
191,Central,Uttar Pradesh,Noida,Okhla Bird Sanctuary,Bird Sanctuary,1990,1.5,4.3,Yes,None,Wildlife,Yes,0.035,All,
192,Central,Uttar Pradesh,Aligarh,Aligarh Fort,Fort,1524,1,4.1,Yes,None,Historical,Yes,0.0165,Afternoon,
193,Central,Uttar Pradesh,Meerut,Augarnath Temple,Temple,Unknown,1,4.8,Yes,None,Religious,No,0.045,All,
194,Central,Uttar Pradesh,Kanpur,Allen Forest Zoo,Zoo,1971,2,4.2,Yes,Monday,Wildlife,Yes,0.21,All,
195,Northern,Jammu and Kashmir,Srinagar,Dal Lake,Lake,Unknown,2,4.6,Yes,None,Nature,Yes,0.15,Morning,
196,Northern,Ladakh,Leh,Pangong Tso,Lake,Unknown,2,4.9,Yes,None,Nature,Yes,0.15,Morning,
197,Northern,Jammu and Kashmir,Pahalgam,Betaab Valley,Valley,Unknown,2,4.6,No,None,Nature,Yes,0.11,All,
198,Northern,Jammu and Kashmir,Jammu,Vaishno Devi,Temple,Unknown,5,4.7,Yes,None,Religious,No,0.55,All,
199,Northern,Jammu and Kashmir,Udhampur,Patnitop Height,Hill,Unknown,2,4.1,No,None,Recreational,Yes,0.01,All,
200,Northern,Jammu and Kashmir,Anantnag,Amarnath Cave,Temple,Unknown,6,4.5,No,None,Religious,Yes,0.11,All,
201,Northern,Ladakh,Leh,Thiksey Monastery,Monastery,1430,1.5,4.7,Yes,None,Religious,No,0.05,All,
202,Northern,Ladakh,Nubra Valley,Nubra Valley,Valley,Unknown,2,4.5,No,None,Nature,Yes,0.1,All,
203,Northern,Ladakh,Kargil,Kargil War Memorial,War Memorial,24,1,4.8,No,None,Historical,Yes,0.011,All,
204,Northern,Ladakh,Diskit,Diskit Monastery,Monastery,1351,1,4.7,No,None,Religious,No,0.015,Morning,
205,Northern,Jammu and Kashmir,Kishtwar,Kishtwar National Park,National Park,1981,3,4.3,No,None,Wildlife,Yes,0.01,All,
206,Northern,Ladakh,Hemis,Hemis National Park,National Park,1981,4,4.4,No,None,Wildlife,Yes,0.02,All,
207,Northern,Ladakh,Dras,Dras War Memorial,War Memorial,Unknown,1,4.8,No,None,Historical,Yes,0.012,All,
208,Northern,Ladakh,Leh,Magnetic Hill,Gravity Hill,Unknown,0.5,3.7,Yes,None,Nature,Yes,0.1,All,
209,Northern,Ladakh,Leh,Khardung La Pass,Hill,Unknown,1,4.5,Yes,None,Adventure,Yes,0.05,Afternoon,
210,Northern,Ladakh,Leh,Thiksey Monastery,Monastery,1430,1.5,4.7,Yes,None,Religious,No,0.05,All,
211,Central,Uttar Pradesh,Vrindavan,Prem Mandir,Temple,2012,1.5,4.8,Yes,None,Religious,Yes,0.49,Evening,
212,Central,Uttar Pradesh,Porbandar,Kirti Mandir,Memorial,1950,1,4.8,Yes,None,Historical,Yes,0.03,Morning,
213,Central,Uttar Pradesh,Mathura,Nand Gaon,Village,Unknown,1,4.1,Yes,None,Cultural,Yes,0.01,Morning,
214,Central,Uttar Pradesh,Mathura,Barsana Mandir,Temple,Unknown,1,4.8,Yes,None,Religious,Yes,0.1,Morning,
215,Eastern,West Bengal,Darjeeling,Tiger Hill,Sunrise Point,Unknown,1,4.5,No,None,Nature,Yes,0.025,All,
216,Eastern,West Bengal,Siliguri,Jaldapara National Park,Wildlife Sanctuary,1941,3,4.4,Yes,None,Wildlife,Yes,0.035,All,
217,Eastern,West Bengal,Sundarbans,Sundarbans National Park,National Park,1984,4,4.4,No,None,Wildlife,Yes,0.065,All,
218,Eastern,West Bengal,Digha,Digha Beach,Beach,Unknown,1.5,4.5,No,None,Recreational,Yes,0.09,Morning,
219,Eastern,West Bengal,Murshidabad,Hazarduari Palace,Palace,1837,1.5,4.5,Yes,Friday,Historical,Yes,0.18,Morning,
220,Eastern,West Bengal,Bolpur,Kankalitala Temple,Temple,Unknown,0.5,4.7,Yes,None,Religious,No,0.045,All,
221,Eastern,West Bengal,Hooghly,Hangseswari Temple,Temple,1814,0.5,4.6,Yes,None,Architectural,No,0.07,All,
222,Eastern,West Bengal,Jalpaiguri,Gorumara National Park,National Park,1949,3,4.4,Yes,None,Wildlife,Yes,0.07,All,
223,Eastern,West Bengal,Cooch Behar,Cooch Behar Palace,Palace,1887,1,4.5,Yes,Friday,Historical,Yes,0.09,All,
224,Eastern,West Bengal,Purulia,Ayodhya Hills,Hill,Unknown,2.5,4.5,No,None,Nature,Yes,0.15,All,
225,Eastern,Odisha,Puri,Jagannath Temple,Temple,12th century,2,4.7,Yes,None,Religious,No,1,All,
226,Eastern,Odisha,Konark,Sun Temple,Temple,1250,1.5,4.7,Yes,None,Historical,Yes,0.83,All,
227,Eastern,Odisha,Bhubaneswar,Lingaraj Temple,Temple,11th century,1,4.6,Yes,None,Religious,No,0.35,All,
228,Eastern,Odisha,Rourkela,Khandadhar Waterfall,Waterfall,Unknown,1.5,4.5,No,None,Nature,Yes,1.2,All,
229,Eastern,Odisha,Cuttack,Barabati Fort,Fort,-987,1,4.5,Yes,None,Historical,Yes,0.13,All,
230,Eastern,Odisha,Sambalpur,Hirakud Dam,Dam,1957,1,4.5,No,None,Engineering Marvel,Yes,0.01,All,
231,Eastern,Odisha,Chilika,Chilika Lake,Lake,Unknown,2,3.9,Yes,None,Nature,Yes,0.1,Morning,
232,Eastern,Odisha,Berhampur,Tara Tarini Temple,Temple,Ancient,1,4.6,Yes,None,Religious,No,0.01,All,
233,Eastern,Odisha,Keonjhar,Badaghagara Waterfall,Waterfall,Unknown,1,4.3,No,None,Nature,Yes,0.018,Morning,
234,Eastern,Odisha,Balasore,Chandipur Beach,Beach,Unknown,1.5,4.2,Yes,None,Recreational,Yes,0.014,Morning,
235,Eastern,Odisha,Kendujhar,Sanaghagara Waterfall,Waterfall,Unknown,1,4.4,No,None,Nature,Yes,0.055,All,
236,Southern,Tamil Nadu,Chennai,Marina Beach,Beach,Unknown,1.5,3.9,Yes,None,Recreational,Yes,0.1,Morning,
237,Southern,Tamil Nadu,Madurai,Meenakshi Amman Temple,Temple,6th century AD,2,4.7,Yes,None,Religious,No,0.65,All,
238,Southern,Tamil Nadu,Rameswaram,Ramanathaswamy Temple,Temple,12th century,1.5,4.6,No,None,Religious,No,0.01,All,
239,Southern,Tamil Nadu,Kanyakumari,Vivekananda Rock Memorial,Memorial,1970,1,4.6,Yes,None,Historical,No,0.47,Morning,
240,Southern,Tamil Nadu,Ooty,Ooty Lake,Lake,1824,1,4.1,Yes,None,Recreational,Yes,0.61,Morning,
241,Southern,Tamil Nadu,Coimbatore,Marudamalai Temple,Temple,12th century,1,4.7,Yes,None,Religious,No,0.3,All,
242,Southern,Tamil Nadu,Kodaikanal,Kodaikanal Lake,Lake,1863,2,3.9,No,None,Recreational,Yes,0.1,Morning,
243,Southern,Tamil Nadu,Thanjavur,Brihadeeswarar Temple,Temple,110,1.5,4.8,Yes,None,Religious,No,0.35,All,
244,Southern,Tamil Nadu,Mahabalipuram,Shore Temple,Temple,7th century,1,4.6,Yes,None,Historical,No,0.09,All,
245,Southern,Tamil Nadu,Yercaud,Yercaud Lake,Lake,Unknown,1,4.2,No,None,Recreational,Yes,0.019,Morning,
246,Southern,Tamil Nadu,Tirunelveli,Nellaiappar Temple,Temple,7th century,1,4.6,Yes,None,Religious,No,0.16,All,
247,Southern,Tamil Nadu,Chidambaram,Nataraja Temple,Temple,10th century,1,4.7,Yes,None,Religious,No,0.28,All,
248,Southern,Andhra Pradesh,Vijayawada,Kanaka Durga Temple,Temple,Unknown,1,4.7,Yes,None,Religious,No,0.44,All,
249,Southern,Andhra Pradesh,Visakhapatnam,Rishikonda Beach,Beach,Unknown,1.5,4.5,Yes,None,Recreational,Yes,0.39,Morning,
250,Southern,Andhra Pradesh,Srisailam,Mallikarjuna Swamy Temple,Temple,14th century,1,4.7,No,None,Religious,No,0.49,All,
251,Southern,Andhra Pradesh,Rajahmundry,Papikondalu,Hill,Unknown,2,4.3,Yes,None,Nature,Yes,0.032,All,
252,Southern,Andhra Pradesh,Anantapur,Lepakshi,Site,16th century,1.5,4.6,No,None,Historical,Yes,0.075,All,
253,Southern,Andhra Pradesh,Kurnool,Belum Caves,Cave,Unknown,1.5,4.4,Yes,None,Natural Wonder,Yes,0.11,Afternoon,
254,Southern,Andhra Pradesh,Amravati,Amaravathi Temple,Temple,Unknown,1,4.7,Yes,None,Religious,No,0.041,All,
255,Southern,Andhra Pradesh,Guntur,Uppalapadu Bird Sanctuary,Bird Sanctuary,Unknown,1,4.4,Yes,None,Wildlife,Yes,0.7,All,
256,Southern,Andhra Pradesh,Kadapa,Gandikota Fort,Fort,12th century,1.5,4.5,No,None,Historical,Yes,0.015,Morning,
257,Southern,Andhra Pradesh,Puttaparthi,Prasanthi Nilayam,Spiritual Center,1950,1,4.7,Yes,None,Religious,Yes,0.12,All,
258,Southern,Andhra Pradesh,Vizianagaram,Simhachalam Temple,Temple,198,1,4.7,Yes,None,Religious,No,0.59,All,
259,Southern,Andhra Pradesh,Visakhapatnam,Kailasagiri,Hill,Unknown,2,4.5,Yes,None,Recreational,Yes,0.019,All,
260,Southern,Andhra Pradesh,Visakhapatnam,Submarine Museum,Museum,22,1,4.6,Yes,None,Historical,Yes,0.49,All,
261,Southern,Andhra Pradesh,Visakhapatnam,Borra Caves,Cave,Unknown,2,4.5,No,None,Natural Wonder,Yes,0.31,Afternoon,
262,Southern,Andhra Pradesh,Visakhapatnam,War Memorial,War Memorial,Unknown,1,4.6,Yes,None,Historical,Yes,0.059,All,
263,Southern,Andhra Pradesh,Visakhapatnam,Indira Gandhi Zoological Park,Zoo,1977,2,4.1,Yes,Monday,Wildlife,Yes,0.25,Afternoon,
264,Southern,Andhra Pradesh,Visakhapatnam,Matsyadarshini Aquarium,Aquarium,Unknown,1,3.8,Yes,None,Recreational,Yes,0.03,All,
265,Southern,Andhra Pradesh,Visakhapatnam,Visakha Museum,Museum,1991,1,4.3,Yes,None,Cultural,Yes,0.065,All,
266,Eastern,Sikkim,Gangtok,Nathula Pass,Hill,Unknown,2,4.3,Yes,None,Historical,Yes,0.15,Afternoon,
267,Eastern,Sikkim,Pelling,Pemayangtse Monastery,Monastery,1705,1,4.6,No,None,Religious,No,0.015,Morning,
268,Eastern,Sikkim,Namchi,Char Dham,Religious Complex,211,2,4.7,Yes,None,Religious,No,0.12,All,
269,Eastern,Sikkim,Gangtok,Rumtek Monastery,Monastery,1960s,1,4.6,Yes,None,Religious,No,0.035,Morning,
270,Eastern,Sikkim,Ravangla,Buddha Park,Park,213,1,4.8,Yes,None,Cultural,Yes,0.1,All,
271,Eastern,Sikkim,Gangtok,Baba Harbhajan Singh Temple,Temple,1967,1,4.7,Yes,None,Religious,No,0.075,All,https://ak.jogurucdn.com/media/image/p14/place-2016-08-30-11-9415d0a8902720615bddb22c208243a1.jpg
272,Eastern,Sikkim,Gangtok,Tsomgo Lake,Lake,Unknown,2,4.5,Yes,None,Nature,Yes,0.15,Morning,https://tse3.mm.bing.net/th/id/OIP.R4NHJW7vzlMX3rpi_aeilgHaE8?rs=1&pid=ImgDetMain
273,North Eastern,Assam,Guwahati,Kamakhya Temple,Temple,Unknown,2,4.6,Yes,None,Religious,No,0.21,All,https://tse3.mm.bing.net/th/id/OIP.w3eh6FwKVaOzJA-jfBpqLgHaEK?rs=1&pid=ImgDetMain
274,North Eastern,Assam,Kaziranga,Kaziranga National Park,National Park,1905,3,4.5,No,None,Wildlife,No,0.068,Morning,https://cdn.kimkim.com/files/a/images/f1cbf8a533adbc873e89095fcea490720c7a7dd8/original-a880e81d6f1c0a7f8706b3e08e159583.jpg
275,North Eastern,Assam,Guwahati,Umananda Island,Island,Unknown,1,4.1,Yes,None,Nature,Yes,0.01,Morning,https://i.pinimg.com/originals/a0/c2/23/a0c223657276ee8060cd22513e3b74a2.jpg
276,North Eastern,Assam,Sivasagar,Sivasagar Sivadol,Temple,1734,1,4.7,No,None,Historical,Yes,0.065,All,https://tse3.mm.bing.net/th/id/OIP.gM8lOfVyLY-WEJ0PM7saRwHaDZ?rs=1&pid=ImgDetMain
277,North Eastern,Assam,Majuli,Majuli Island,River Island,Unknown,2,4.7,No,None,Cultural,Yes,0.01,Morning,https://tse1.mm.bing.net/th/id/OIP.SN4evyUvKuKD62kCcBftDgHaFj?rs=1&pid=ImgDetMain
278,North Eastern,Assam,Manas,Manas National Park,National Park,1990,3,4.6,No,None,Wildlife,Yes,0.19,Morning,https://tse3.mm.bing.net/th/id/OIP.QjDBUzOtADR6D-_I7bqoYAHaEH?rs=1&pid=ImgDetMain
279,North Eastern,Assam,Hajo,Hayagriva Madhava Temple,Temple,Unknown,1,4.5,No,None,Religious,Yes,0.9,All,https://tse4.mm.bing.net/th/id/OIP.2hgrthZVR8dVDjYyHzysXQHaEK?rs=1&pid=ImgDetMain
280,North Eastern,Assam,Guwahati,Pobitora Wildlife Sanctuary,Wildlife Sanctuary,1987,2,4.4,Yes,None,Wildlife,Yes,0.037,All,https://tse4.mm.bing.net/th/id/OIP.QNihG94p8a2yyYtNMnw56QHaDt?rs=1&pid=ImgDetMain
281,North Eastern,Arunachal Pradesh,Tawang,Tawang Monastery,Monastery,1680,2,4.7,No,None,Religious,No,0.032,Morning,https://farm5.staticflickr.com/4889/45843120771_f94a637140_b.jpg
282,North Eastern,Tripura,Agartala,Ujjayanta Palace,Palace,1901,1.5,4.5,Yes,Monday,Historical,Yes,0.035,All,https://www.indiatravelblog.net/wp-content/uploads/2011/09/Ujjayanta-Palace.jpg
283,North Eastern,Tripura,Dumboor,Dumboor Lake,Lake,Unknown,1,4.5,No,None,Nature,Yes,0.01,Morning,https://www.taleof2backpackers.com/wp-content/uploads/2019/12/Dumboor-Lake-in-tripura-1080x810.jpg
284,North Eastern,Tripura,Unakoti,Unakoti Rock Carvings,Rock Carvings,700,1.5,4.5,No,None,Historical,Yes,0.025,Morning,https://tse3.mm.bing.net/th/id/OIP.6RBfUGNe-D4PrC9Vzp5m2QHaFj?rs=1&pid=ImgDetMain
285,Central,Chhattisgarh,Bastar,Chitrakote Falls,Waterfall,Unknown,1.5,4.6,No,None,Nature,Yes,0.19,Morning,https://www.adotrip.com/public/images/areas/master_images/5d36e1681b029-Chitrakote_Waterfalls%20_Attractions.jpg
286,North Eastern,Nagaland,Dzükou Valley,Dzükou Valley,Valley,Unknown,3,4.7,No,None,Trekking,Yes,0.01,Afternoon,https://th.bing.com/th/id/OIP.OSUbzdwGjBh12L3HTe8ZawHaEK?rs=1&pid=ImgDetMain
287,Southern,Puducherry,Puducherry,Promenade Beach,Beach,Unknown,1,4.5,Yes,None,Recreational,Yes,0.09,Morning,https://th.bing.com/th/id/OIP.hvfndRELPVbqStPv7Xv01AHaEs?rs=1&pid=ImgDetMain
288,Southern,Puducherry,Auroville,Auroville,Township,1968,2,4.1,Yes,None,Cultural,Yes,0.035,All,https://th.bing.com/th/id/OIP.IRLJwYOjXwPPXJNwCqvqsgAAAA?rs=1&pid=ImgDetMain
289,Southern,Puducherry,Puducherry,Paradise Beach,Beach,Unknown,1,4.5,Yes,None,Recreational,Yes,0.015,Morning,https://th.bing.com/th/id/OIP.zBjCArWOeTpR85p08LQL7QHaD8?rs=1&pid=ImgDetMain
290,Southern,Andaman and Nicobar Islands,Port Blair,Cellular Jail,Landmark,1906,1.5,4.7,Yes,Monday,Historical,Yes,0.12,Afternoon,https://th.bing.com/th/id/OIP.Ij-6mRy_KQ5gxicZZfH7SQHaE6?rs=1&pid=ImgDetMain
291,Southern,Andaman and Nicobar Islands,Havelock Island,Radhanagar Beach,Beach,Unknown,1,4.8,No,None,Nature,Yes,0.09,Morning,https://th.bing.com/th/id/OIP.1W73HH167wDDdjyJEjjJLQHaFj?rs=1&pid=ImgDetMain
292,Southern,Andaman and Nicobar Islands,Neil Island,Bharatpur Beach,Beach,Unknown,1,4.5,No,None,Nature,Yes,0.04,Morning,https://tse1.mm.bing.net/th/id/OIP.6eIrLL-HUl5QXbtz3aSOFwHaDz?w=800&h=411&rs=1&pid=ImgDetMain
293,Southern,Andaman and Nicobar Islands,Baratang Island,Limestone Caves,Natural Feature,Unknown,1.5,4.4,No,None,Nature,Yes,0.015,Morning,https://tse3.mm.bing.net/th/id/OIP.lo90HV6_j7-6okb_ABRBogHaFj?rs=1&pid=ImgDetMain
294,Western,Daman and Diu,Diu,Naida Caves,Cave,Unknown,1,4.5,No,None,Nature,Yes,0.6,Afternoon,https://tse1.explicit.bing.net/th/id/OIP.s1nrmlMzUjLmvG4a5OmB7wHaE8?w=600&h=400&rs=1&pid=ImgDetMain
295,Western,Daman and Diu,Diu,Diu Fort,Fort,1535,1.5,4.6,No,None,Historical,Yes,1.2,Afternoon,https://www.hlimg.com/images/things2do/738X538/6137608825_76fcf75148_b_1523618316t.jpg
296,Eastern,Jharkhand,Deoghar,Baba Baidyanath Temple,Temple,Unknown,1,4.7,Yes,None,Religious,Yes,1.8,All,https://media-cdn.tripadvisor.com/media/photo-s/0d/09/7f/87/bol-bam.jpg
297,Eastern,Jharkhand,Ranchi,Pahari Mandir,Temple,Unknown,1,4.6,Yes,None,Religious,Yes,0.13,All,https://tfipost.com/wp-content/uploads/2023/02/Pahari-Mandir-Ranchi-entrance-1140x760.jpg
298,Eastern,Bihar,Bodh Gaya,Mahabodhi Temple,Temple,-260,1.5,4.7,Yes,None,Religious,Yes,0.2,All,https://i.pinimg.com/736x/97/53/19/975319637b0a9e18eb3de55da5d76ef3.jpg
299,Eastern,Bihar,Patna,Sanjay Gandhi Biological Park,Zoo,Unknown,2.5,4.3,Yes,None,Wildlife,Yes,0.5,All,https://www.bodhibihar.com/wp-content/uploads/2020/05/Sanjay-Gandhi-Biological-Park.jpg
300,Eastern,Bihar,Patna,Takhat Shri Harimandir Ji Patna Sahib,Gurudwara,Unknown,1,4.7,Yes,None,Religious,Yes,0.25,All,https://indiano.travel/wp-content/uploads/2022/04/People-visiting-in-Patna-Sahib-Gurudwara..jpg
301,Eastern,Bihar,Patna,Budhha Smriti Park,Park,Unknown,1,4.4,Yes,None,Cultural,Yes,0.31,All,https://nearbylocation.in/wp-content/uploads/2017/01/buddha-smriti-park-patna.jpeg
302,Northern,Haryana,Gurugram,Kingdom of Dreams,Entertainment,2010,3,4.4,Yes,Monday,Entertainment,Yes,0.3,Afternoon,https://www.visittnt.com/blog/wp-content/uploads/2020/03/kingdom-of-dreams.jpg
303,Northern,Haryana,Gurugram,Ambience Mall,Mall,Unknown,2,4.6,Yes,None,Shopping,Yes,1.2,Afternoon,https://travelsetu.com/apps/uploads/new_destinations_photos/destination/2024/01/08/da4e0cdc0da9810b6b571b7601d6ec53_1000x1000.jpg
304,Northern,Haryana,Gurugram,DLF CyberHub,Commercial Complex,Unknown,2,4.7,Yes,None,Entertainment,Yes,0.71,Afternoon,https://i.pinimg.com/originals/cf/28/c4/cf28c428a43dbc5c6a24c010ea37c19a.jpg
305,Northern,Delhi,New Delhi,Gurudwara Bangla Sahib,Gurudwara,Unknown,1,4.8,Yes,None,Religious,Yes,1.05,All,https://kashmirage.net/wp-content/uploads/2018/05/maxresdefault-50.jpg
306,Northern,Uttarakhand,Kedarnath,Kedarnath,Temple,Unknown,1.5,4.8,No,None,Religious,No,2,All,https://www.bontravelindia.com/wp-content/uploads/2021/09/Kedarnath-Mandir.jpg
307,Central,Uttar Pradesh,Noida,DLF Mall of India,Mall,2016,2,4.6,Yes,None,Shopping,Yes,1.5,All,https://www.floortap.com/resources/wp-content/uploads/2024/01/DLF-Mall-of-Noida.jpeg
308,Central,Uttar Pradesh,Greater Noida,The Grand Venice Mall,Mall,Unknown,2,4.2,Yes,None,Shopping,Yes,0.45,All,https://tse2.mm.bing.net/th/id/OIP.j_6978QJvQKeSfENKIK2QAHaD6?rs=1&pid=ImgDetMain
309,Southern,Karnataka,Bengaluru,Wonderla Amusement Park,Amusement Park,2005,4,4.5,Yes,None,Entertainment,Yes,0.95,All,https://www.shoutlo.com/assets/images/merchant_images/merchant-213926-5ea8553616f78.jpg
310,Eastern,Odisha,Bhubaneswar,Nandankanan Zoological Park,Zoo,1960,3,4.4,Yes,Monday,Wildlife,Yes,0.81,Afternoon,https://travelsetu.com/apps/uploads/new_destinations_photos/destination/2024/01/04/8aabb86d651d49096c91528ac256eaee_1000x1000.jpg
311,Southern,Karnataka,Bengaluru,Orion Mall,Mall,2012,2,4.5,Yes,None,Shopping,Yes,1.8,All,https://www.karnataka.com/wp-content/uploads/2013/12/orion-mall-rajajinagar.jpg
312,Southern,Telangana,Hyderabad,Inorbit Mall Cyberabad,Mall,2004,2,4.5,Yes,None,Shopping,Yes,1.2,All,https://andhra.mallsmarket.com/sites/default/files/photos/malls/InorbitMall-Cyberabad-1.jpg
313,Northern,Delhi,New Delhi,Jama Masjid,Mosque,1656,1,4.5,Yes,None,Historical,Yes,0.49,All,https://cdn.britannica.com/09/189809-050-FAC505B0/Jama-Masjid-Delhi.jpg
314,Southern,Tamil Nadu,Rameswaram,Ramanathaswamy Temple,Temple,Unknown,1.5,4.7,Yes,None,Religious,No,0.1,All,https://blogger.googleusercontent.com/img/b/R29vZ2xl/AVvXsEjJ5kD-xy-Ffn90xRFuZ1jACO9KzAvywGwICay5rxgdIhjttSyJO4Swyw2_UYwXmlqdJK5vdn4BpKt1YThKiR1J3owD1iTmzLQyPDsTqFOmpokeKiv37vZKx445vnw-IN57EPnDV2rP3ccs/s1600/Ramanathaswamy_Temple_Rameswaram_Tamil_Nadu.jpg
315,Central,Uttar Pradesh,Greater Noida,Buddh International Circuit,Race Track,2011,2,4.6,Yes,Sunday,Sports,Yes,7.4,All,https://sportsmatik.com/uploads/wiki-gallery/venues/Buddh_International_Circuit_1493376808_48032.jpg
316,Central,Uttar Pradesh,Lucknow,Phoenix Palassio,Mall,2020,2,4.6,Yes,None,Shopping,Yes,0.35,All,https://aniportalimages.s3.amazonaws.com/media/details/Phoenix_Palassio_Lucknow_2_IiqMQRu.jpg
317,Southern,Kerala,Kochi,LuLu International Shopping Mall,Mall,2013,3,4.6,Yes,None,Shopping,Yes,1.9,All,https://upload.wikimedia.org/wikipedia/commons/b/b2/Lulu_Mall_Kochi.jpg
318,Northern,Delhi,New Delhi,Rail Museum,Museum,1977,2,4.4,Yes,Monday,Cultural,Yes,0.24,Morning,https://delhitourism.travel/images/tourist-places/national-rail-museum-delhi/national-rail-museum-delhi-tourism-holidays-closed-on-timings.jpg.jpg
319,North Eastern,Meghalaya,Cherrapunji,Living Root Bridge,Natural Feature,Unknown,2,4.6,No,None,Nature,Yes,0.06,Morning,https://www.tripsavvy.com/thmb/E1wNIDfWNjDl-4paDwBRxFs-HRk=/2122x1415/filters:no_upscale():max_bytes(150000):strip_icc()/GettyImages-452766487-56c93f635f9b5879cc45e9ce.jpg
320,Western,Gujarat,Gandhinagar,Akshardham,Temple,1992,3,4.6,Yes,Monday,Religious,No,0.18,All,https://upload.wikimedia.org/wikipedia/commons/7/77/Akshardham_Gandhinagar_Gujarat.jpg
321,Central,Uttar Pradesh,Agra,Agra Fort,Fort,1565,2,4.5,Yes,None,Historical,Yes,1.3,Afternoon,https://images3.alphacoders.com/561/thumb-1920-561698.jpg
322,Central,Madhya Pradesh,Bhopal,Madhya Pradesh Tribal Museum,Museum,2013,2,4.7,Yes,Monday,Cultural,Yes,0.15,All,https://www.trawell.in/admin/images/upload/145239302Tribal_Museum.jpg
323,Northern,Rajasthan,Jaipur,City Palace,Palace,1727,2,4.4,Yes,None,Historical,Yes,0.51,Morning,https://d2dzi65yjecjnt.cloudfront.net/405704-23.jpg
324,Northern,Rajasthan,Jaipur,Albert Hall Museum,Museum,1887,2,4.5,Yes,None,Historical,Yes,0.63,All,https://media.istockphoto.com/photos/albert-hall-museum-in-jaipur-indien-picture-id511744977?k=6&m=511744977&s=170667a&w=0&h=j1b7j0XUOnMfw-Kst_PhWQGJ0wktJT7ik8gyXQWuTlo=
325,Western,Maharashtra,Mumbai,Bandstand,Beach,Unknown,2,4.5,Yes,None,Scenic,Yes,1.5,Evening,https://mumbaitourism.travel/images/tourist-places/bandra-bandstand-mumbai/bandra-bandstand-mumbai-indian-tourism-one-day-city-tour.jpg
326,Western,Maharashtra,Mumbai,Carter Road,Beach,Unknown,2,4.5,Yes,None,Scenic,Yes,1.5,Evening,https://i.redd.it/jwn8aqf8e2d61.jpg
